"1","Begich","Howe","Blank","Exhausted","Overvote"
"01-600 Ketchikan No. 1","236","114","7","203","1"
"01-610 Ketchikan No. 2","396","122","23","303","2"
"01-620 Ketchikan No. 3","320","73","11","156","1"
"01-640 North Tongass No. 1","270","46","6","91","0"
"01-650 North Tongass No. 2","486","77","12","164","1"
"01-660 Saxman","35","24","2","53","0"
"01-670 South Tongass","374","81","2","171","1"
"01-675 Coffman Cove","67","11","9","23","0"
"01-680 Metlakatla","157","83","11","205","1"
"01-690 Wrangell","401","100","15","159","2"
"02-700 Angoon","22","25","1","65","0"
"02-705 Craig","212","63","24","94","3"
"02-720 Hoonah","102","48","9","104","1"
"02-725 Hydaburg","13","15","3","67","0"
"02-730 Kake","56","35","6","84","0"
"02-735 Kasaan","10","6","1","8","0"
"02-740 Klawock","166","55","14","108","2"
"02-750 Pelican-Elfin Cove","19","5","4","12","0"
"02-755 Petersburg-Kupreanof","438","104","37","263","1"
"02-760 Port Alexander","3","1","0","6","1"
"02-765 Sitka No. 1","425","166","24","349","2"
"02-770 Sitka No. 2","367","191","25","322","0"
"02-775 Tenakee Springs","10","8","1","23","0"
"02-780 Thorne Bay","130","26","9","25","0"
"02-785 Yakutat","74","38","2","110","2"
"03-300 Auke Bay","184","80","4","215","1"
"03-305 Lynn Canal","167","51","8","205","0"
"03-310 Melvin Park","260","111","8","195","2"
"03-315 Mendenhall Glacier","444","172","5","302","1"
"03-320 Thunder Mountain","362","158","13","269","0"
"03-325 Gustavus","64","38","2","85","0"
"03-330 Haines No. 1","280","125","7","236","1"
"03-335 Haines No. 2","52","16","4","37","0"
"03-340 Klukwan","7","17","1","16","0"
"03-345 Skagway","113","108","12","179","0"
"04-100 Douglas","128","103","4","293","1"
"04-105 Juneau Airport Area","158","45","4","92","0"
"04-110 Juneau No. 1","120","93","6","214","0"
"04-115 Juneau No. 2","79","96","1","285","0"
"04-120 Juneau No. 3","80","44","3","130","1"
"04-125 Lemon Creek","225","107","9","229","1"
"04-130 Glacier Valley Area","174","83","3","126","2"
"04-135 North Douglas","119","89","6","231","0"
"05-800 Chiniak","31","6","1","16","0"
"05-810 Flats","335","84","9","133","1"
"05-815 Kodiak Island South","4","1","0","12","0"
"05-820 Kodiak No. 1","333","70","13","231","2"
"05-825 Kodiak No. 2","333","107","14","240","2"
"05-830 Mission Road","791","207","22","387","1"
"05-835 Old Harbor","8","6","1","15","0"
"05-840 Ouzinkie","16","9","1","31","0"
"05-845 Port Lions","42","7","0","18","0"
"05-860 Cordova","215","73","10","186","3"
"05-865 Seward-Lowell Point","216","69","10","185","1"
"05-870 Tatitlek","8","6","0","5","0"
"06-200 Anchor Point","661","125","20","184","1"
"06-210 Diamond Ridge","151","62","8","128","0"
"06-220 Fox River","173","26","9","49","1"
"06-230 Homer No. 1","267","98","9","181","0"
"06-240 Homer No. 2","271","82","8","187","0"
"06-250 Kachemak-Fritz Creek","292","110","9","268","1"
"06-260 Kasilof","723","122","22","220","2"
"06-270 Ninilchik","419","81","13","121","0"
"06-280 Seldovia-Kachemak Bay","67","17","10","65","2"
"07-005 Central","496","108","15","127","1"
"07-010 K Beach","620","118","16","146","1"
"07-015 Kenai No. 1","446","127","19","158","4"
"07-020 Kenai No. 2","296","55","6","91","0"
"07-025 Kenai No. 3","212","41","7","82","0"
"07-030 Soldotna","517","118","24","186","1"
"08-035 Bear Creek","310","84","8","194","1"
"08-040 Cooper Landing","73","16","0","58","0"
"08-045 Funny River No. 1","237","41","2","59","1"
"08-050 Funny River No. 2","203","22","10","39","0"
"08-055 Hope","22","12","2","33","0"
"08-060 Mackey Lake","392","43","14","90","0"
"08-065 Moose Pass","76","18","2","65","0"
"08-070 Nikiski","592","86","17","108","0"
"08-075 Salamatof","546","118","14","89","1"
"08-080 Sterling No. 1","521","70","11","105","0"
"08-085 Sterling No. 2","621","62","19","116","0"
"09-105 Girdwood","216","195","14","404","1"
"09-110 Indian","43","19","4","65","0"
"09-115 South Anchorage No. 1","617","174","7","341","1"
"09-120 South Anchorage No. 2","754","146","9","306","1"
"09-125 South Anchorage No. 3","568","140","8","318","1"
"09-130 South Anchorage No. 4","657","120","13","338","1"
"09-135 South Anchorage No. 5","266","72","2","159","1"
"09-140 Stuckagain Heights","69","20","2","68","0"
"09-145 Whittier","51","10","4","18","0"
"10-150 Dimond","398","150","22","252","2"
"10-155 Oceanview No. 1","557","130","17","340","1"
"10-160 Oceanview No. 2","365","97","25","227","4"
"10-165 Oceanview No. 3","502","161","15","278","5"
"10-170 Oceanview No. 4","443","112","8","269","2"
"10-175 Oceanview No. 5","347","91","12","225","0"
"11-205 Hillside No. 1","316","122","8","180","5"
"11-210 Hillside No. 2","645","197","8","359","2"
"11-215 Hillside No. 3","373","73","17","177","0"
"11-220 Hillside No. 4","417","74","6","187","1"
"11-225 Hillside No. 5","378","75","3","295","0"
"11-230 Hillside No. 6","411","116","5","248","1"
"11-235 Hillside No. 7","329","80","3","236","0"
"12-250 Southeast Anchorage No. 1","459","162","13","242","4"
"12-255 Southeast Anchorage No. 2","278","76","2","132","0"
"12-260 Southeast Anchorage No. 3","430","130","7","232","0"
"12-265 Southeast Anchorage No. 4","405","124","12","268","0"
"12-270 Southeast Anchorage No. 5","519","149","9","287","4"
"12-275 Southeast Anchorage No. 6","368","113","4","315","2"
"13-305 South Midtown No. 1","133","35","0","55","0"
"13-310 South Midtown No. 2","549","164","16","357","2"
"13-315 South Midtown No. 3","497","180","13","290","0"
"13-320 South Midtown No. 4","459","185","23","286","1"
"13-325 South Midtown No. 5","405","196","12","373","3"
"14-350 North Midtown No. 1","110","53","3","124","0"
"14-355 North Midtown No. 2","142","76","7","164","0"
"14-360 North Midtown No. 3","147","61","5","108","0"
"14-365 North Midtown No. 4","187","98","9","158","0"
"14-370 North Midtown No. 5","293","147","13","292","2"
"14-375 North Midtown No. 6","223","83","11","177","4"
"14-380 North Midtown No. 7","299","138","7","424","0"
"15-405 Southwest Anchorage No. 1","370","80","7","210","0"
"15-410 Southwest Anchorage No. 2","425","127","6","235","1"
"15-415 Southwest Anchorage No. 3","493","137","9","303","1"
"15-420 Southwest Anchorage No. 4","394","140","14","278","4"
"15-425 Southwest Anchorage No. 5","389","120","8","276","1"
"15-430 Southwest Anchorage No. 6","662","151","15","351","3"
"16-450 West Anchorage No. 1","204","95","7","353","1"
"16-455 West Anchorage No. 2","334","128","3","331","3"
"16-460 West Anchorage No. 3","460","163","13","417","1"
"16-465 West Anchorage No. 4","257","79","7","193","0"
"16-470 West Anchorage No. 5","476","120","5","309","0"
"16-475 West Anchorage No. 6","381","114","7","268","0"
"16-480 West Anchorage No. 7","292","110","12","203","3"
"17-505 Downtown Anchorage No. 1","134","54","5","154","0"
"17-510 Downtown Anchorage No. 2","151","88","2","252","1"
"17-515 Downtown Anchorage No. 3","122","58","1","166","0"
"17-520 Downtown Anchorage No. 4","233","124","3","272","4"
"17-525 Downtown Anchorage No. 5","137","94","12","188","2"
"17-530 Downtown Anchorage No. 6","103","82","8","120","3"
"17-535 Downtown Anchorage No. 7","179","84","11","173","0"
"18-550 Government Hill","161","72","11","172","3"
"18-555 JBER No.1","530","114","25","163","0"
"18-556 JBER No.2","136","42","11","49","0"
"18-560 North Muldoon","160","53","6","131","1"
"18-565 Ship Creek","26","20","4","36","0"
"19-605 Airport Heights No. 1","242","125","9","348","0"
"19-610 Airport Heights No. 2","306","103","14","296","4"
"19-615 Mountainview No. 1","151","86","8","156","1"
"19-620 Mountainview No. 2","158","62","8","149","3"
"19-625 South Mountainview","199","66","14","182","1"
"20-650 University No. 1","114","60","10","83","3"
"20-655 University No. 2","420","159","16","324","1"
"20-660 University No. 3","392","162","10","351","4"
"20-665 University No. 4","190","74","9","154","0"
"20-670 University No. 5","609","216","18","461","8"
"21-705 East Anchorage No. 1","320","100","9","262","3"
"21-710 East Anchorage No. 2","426","128","3","245","2"
"21-715 East Anchorage No. 3","561","192","16","346","2"
"21-720 East Anchorage No. 4","405","116","11","324","2"
"21-725 East Anchorage No. 5","569","209","8","429","2"
"22-750 Northeast Anchorage No. 1","378","162","14","268","4"
"22-755 Northeast Anchorage No. 2","391","152","13","203","7"
"22-760 Northeast Anchorage No. 3","398","158","14","320","3"
"22-765 Northeast Anchorage No. 4","272","119","11","166","6"
"23-805 Chugach Park No. 1","605","156","16","289","0"
"23-810 Eagle River No. 1","351","100","5","175","1"
"23-815 Eagle River No. 2","383","115","6","177","0"
"23-820 Hiland","390","91","9","148","0"
"23-825 Meadow Creek No. 1","401","116","5","200","1"
"23-830 Meadow Creek No. 2","254","66","7","96","0"
"24-850 Chugach Park No. 2","452","61","6","158","2"
"24-855 Chugiak","230","50","4","84","0"
"24-860 Eagle River No. 3","377","92","6","138","1"
"24-865 Eklutna","397","87","9","149","0"
"24-870 Fire Lake","459","89","7","168","2"
"24-875 Peters Creek No. 1","657","127","12","185","2"
"24-880 Peters Creek No. 2","341","65","5","115","0"
"25-305 Butte","817","158","24","208","1"
"25-310 Greater Palmer","352","81","8","101","0"
"25-315 Lazy Mountain","521","99","5","162","1"
"25-320 Palmer City No. 1","308","90","13","140","0"
"25-325 Palmer City No. 2","312","113","10","125","2"
"25-330 Springer Loop","512","97","13","127","2"
"25-335 Walby","485","67","15","102","1"
"26-350 Fairview No. 1","365","64","11","57","1"
"26-355 Fairview No. 2","263","55","10","64","2"
"26-360 Knik Goose Bay No. 1","840","153","33","150","0"
"26-365 Knik Goose Bay No. 2","536","117","16","114","0"
"26-370 Knik Goose Bay No. 3","333","80","19","78","0"
"26-375 Mat-Su Campus","414","82","10","126","1"
"26-380 Snowshoe","691","137","20","139","0"
"27-405 Foothills","518","88","10","100","0"
"27-410 Meadow Lakes No. 1","775","139","11","141","1"
"27-415 Meadow Lakes No. 2","660","110","19","102","5"
"27-420 Wasilla No. 1","503","102","16","119","2"
"27-425 Wasilla No. 2","653","122","18","150","0"
"28-450 Lakes No. 1","425","75","5","85","0"
"28-455 Lakes No. 2","281","55","5","65","0"
"28-460 Seldon No. 1","708","100","21","121","3"
"28-465 Seldon No. 2","625","146","12","166","1"
"28-470 Seward Meridian","271","45","6","81","0"
"28-475 Trunk","483","121","16","137","2"
"28-480 Wasilla Lake","276","62","1","56","0"
"29-505 Farm Loop","713","113","11","139","1"
"29-510 Fishhook","920","176","29","271","2"
"29-515 Kings Lake","636","98","15","136","0"
"29-520 Lakes No. 3","246","52","6","49","0"
"29-525 Sheep Mountain","120","7","2","21","0"
"29-530 Sutton","328","65","11","99","1"
"29-535 Valdez No. 1","275","61","9","130","0"
"29-540 Valdez No. 2","115","41","4","63","1"
"29-545 Valdez No. 3","216","51","6","106","0"
"30-550 Anderson/Clear","89","18","4","26","0"
"30-555 Big Lake","835","158","30","168","3"
"30-560 Cantwell","38","11","1","36","0"
"30-565 Denali Park","10","19","0","43","0"
"30-570 East Schrock","68","13","0","9","0"
"30-575 Healy","223","54","6","91","0"
"30-580 Houston","352","85","15","72","1"
"30-585 Knik Goose Bay No. 4","798","131","23","163","0"
"30-590 Trapper Creek","74","15","6","23","1"
"30-595 Susitna","318","66","10","103","0"
"30-600 Talkeetna","88","54","2","116","0"
"30-605 Willow","666","111","28","185","6"
"31-446 Aurora","434","145","10","303","0"
"31-455 Fairbanks No. 1","400","173","13","351","4"
"31-480 Fairbanks No. 2","445","170","6","292","1"
"31-485 Fairbanks No. 3","394","173","22","283","2"
"32-355 Fairbanks No. 4","426","149","9","219","1"
"32-365 Fairbanks No. 5","285","103","8","193","0"
"32-375 Fort Wainwright","251","58","14","53","1"
"32-385 Badger No. 2","760","191","19","209","1"
"33-130 Badger No. 1","797","181","16","188","1"
"33-135 Chena Lakes","874","148","11","145","1"
"33-155 Moose Creek","98","26","2","22","0"
"33-165 Newby","897","174","15","162","1"
"33-175 North Pole","522","116","13","87","0"
"33-183 Plack","859","127","22","130","0"
"34-235 Eielson","213","55","12","52","0"
"34-238 Eielson Farm Road","49","4","0","5","0"
"34-240 Farmers Loop","381","146","12","372","0"
"34-260 Salcha","389","58","11","77","1"
"34-263 Steele Creek","617","162","8","259","3"
"34-265 Steese","553","184","22","267","1"
"34-270 Summit","481","152","15","231","1"
"34-280 Two Rivers","294","71","13","125","0"
"35-580 Airport","183","55","6","90","1"
"35-582 Chena","711","216","19","484","2"
"35-584 Ester","209","120","6","232","0"
"35-586 Geist","273","106","5","196","0"
"35-587 Lakeview","74","19","2","28","0"
"35-592 Shanly","183","80","7","161","1"
"35-595 University Hills","233","129","7","251","0"
"35-596 University West","613","248","6","424","0"
"36-001 Goldstream No. 1","288","118","8","236","1"
"36-002 Goldstream No. 2","263","155","10","349","1"
"36-010 Allakaket","8","6","0","26","0"
"36-014 Anvik","6","6","0","13","0"
"36-018 Arctic Village","6","4","0","43","0"
"36-022 Beaver","6","1","0","9","1"
"36-026 Bettles","5","3","0","3","0"
"36-034 Central","30","3","1","7","0"
"36-038 Chistochina","38","9","2","22","0"
"36-042 Circle","4","6","1","9","0"
"36-046 Copper Center","220","56","3","74","1"
"36-050 Delta Junction","276","44","10","26","2"
"36-054 Deltana","962","105","19","111","1"
"36-058 Dot Lake","42","2","2","3","0"
"36-062 Eagle","42","6","2","19","0"
"36-066 Fort Yukon","19","6","3","110","2"
"36-070 Gakona","65","12","5","28","0"
"36-074 Galena","51","25","3","67","0"
"36-078 Glennallen","119","26","5","29","0"
"36-082 Grayling","21","11","0","22","1"
"36-086 Holy Cross","15","7","0","19","0"
"36-090 Hughes","5","3","1","21","0"
"36-094 Huslia","25","13","6","50","1"
"36-098 Kaltag","13","6","2","19","0"
"36-102 Kenny Lake","111","23","3","48","0"
"36-106 Koyukuk","7","6","1","15","0"
"36-110 Manley","32","3","1","11","0"
"36-114 McGrath","58","7","5","24","0"
"36-118 Mentasta","14","4","0","21","0"
"36-122 Minto","17","11","2","21","0"
"36-126 Nenana","187","43","2","81","1"
"36-130 Nikolai","7","3","3","14","0"
"36-134 Northway","44","6","1","20","0"
"36-138 Nulato","15","4","3","54","1"
"36-142 Ruby","11","1","0","18","0"
"36-146 Shageluk","10","6","1","6","0"
"36-162 Tanana","10","6","1","61","1"
"36-166 Tetlin","16","2","0","12","0"
"36-170 Tok","377","53","16","76","0"
"36-174 Venetie","7","3","1","34","0"
"37-700 Akutan","19","8","2","20","0"
"37-702 Aleknagik","34","15","2","15","3"
"37-704 Aleutians No. 1","7","3","0","9","0"
"37-706 Aleutians No. 2","262","49","14","207","2"
"37-707 Aniak","46","15","5","40","1"
"37-708 Chignik","5","4","1","6","0"
"37-709 Chuathbaluk","6","6","0","7","0"
"37-710 Clark's Point","8","3","0","8","0"
"37-712 Cold Bay","11","1","0","8","0"
"37-713 Crooked Creek","4","1","0","14","0"
"37-714 Dillingham","227","73","5","244","1"
"37-716 Egegik","7","1","2","1","0"
"37-718 Ekwok","16","5","1","11","1"
"37-719 Goodnews Bay","33","15","0","9","1"
"37-720 King Cove","82","5","4","20","0"
"37-722 King Salmon","64","16","7","41","0"
"37-724 Koliganek","39","7","1","25","0"
"37-726 Lake Iliamna No. 1","61","9","2","30","1"
"37-728 Lake Iliamna No. 2","19","22","2","32","3"
"37-730 Levelock","8","2","0","14","0"
"37-731 Lower Kalskag","21","21","1","18","0"
"37-732 Manokotak","48","16","3","36","1"
"37-734 Naknek","70","17","3","52","0"
"37-736 New Stuyahok","5","1","1","46","0"
"37-738 Nondalton","17","9","2","15","1"
"37-740 Pedro Bay","8","1","0","5","0"
"37-742 Port Heiden","11","3","0","10","0"
"37-744 Sand Point","87","13","4","19","0"
"37-746 Sleetmute","11","8","0","5","0"
"37-748 South Naknek","5","4","2","7","0"
"37-750 St. George Island","3","1","0","3","0"
"37-752 St. Paul Island","36","12","3","55","1"
"37-754 Togiak","72","29","4","36","8"
"37-756 Tyonek","8","2","0","27","0"
"37-758 Upper Kalskag","16","14","1","23","3"
"38-800 Akiachak","47","37","0","76","1"
"38-802 Akiak","26","20","0","44","0"
"38-806 Atmautluak","10","9","1","24","1"
"38-808 Bethel No. 1","240","119","12","209","1"
"38-810 Bethel No. 2","244","97","4","226","4"
"38-812 Chefornak","17","17","1","60","1"
"38-818 Eek","38","14","1","41","1"
"38-822 Kasigluk","12","25","0","27","1"
"38-824 Kipnuk","39","25","1","46","2"
"38-826 Kongiganak","30","35","2","25","2"
"38-828 Kwethluk","43","53","0","37","0"
"38-830 Kwigillingok","41","15","3","19","3"
"38-836 Mekoryuk","29","15","1","24","0"
"38-838 Napakiak","32","9","0","29","1"
"38-840 Napaskiak","31","20","1","15","1"
"38-842 Newtok","18","22","1","10","5"
"38-844 Nightmute","12","4","2","16","0"
"38-846 Nunapitchuk","39","16","0","43","0"
"38-848 Quinhagak","43","30","0","59","2"
"38-852 Toksook Bay","67","49","6","53","5"
"38-854 Tuluksak","1","1","0","1","0"
"38-856 Tuntutuliak","49","23","0","44","1"
"38-858 Tununak","27","25","0","27","2"
"39-900 Alakanuk","42","22","2","20","1"
"39-902 Brevig Mission","28","26","2","46","0"
"39-906 Diomede","5","3","0","2","0"
"39-908 Elim","43","33","2","25","0"
"39-910 Emmonak","34","34","3","73","4"
"39-912 Gambell","50","34","11","49","2"
"39-914 Golovin","11","17","1","20","0"
"39-916 Hooper Bay","49","25","3","86","4"
"39-918 Kotlik","33","15","1","60","0"
"39-920 Koyuk","37","22","1","38","2"
"39-921 Marshall","34","25","2","25","0"
"39-922 Mountain Village","57","36","0","38","1"
"39-924 Nome No. 1","104","65","7","127","0"
"39-926 Nome No. 2","226","142","7","202","3"
"39-928 Nunam Iqua","13","10","1","13","0"
"39-930 Pilot Station","28","35","1","29","1"
"39-931 Russian Mission","22","10","1","26","0"
"39-932 Savoonga","37","63","4","52","3"
"39-934 Scammon Bay","39","26","1","38","4"
"39-936 Shaktoolik","27","8","1","21","0"
"39-938 Shishmaref","40","42","3","89","1"
"39-940 St. Mary's","30","30","0","56","1"
"39-942 St. Michael","30","14","4","17","0"
"39-944 Stebbins","36","18","0","17","2"
"39-946 Teller","18","9","0","9","0"
"39-948 Unalakleet","89","42","4","85","1"
"39-950 Wales","1","1","0","6","0"
"39-952 White Mountain","21","21","0","27","0"
"40-002 Ambler","23","6","1","14","0"
"40-004 Anaktuvuk Pass","22","8","2","26","0"
"40-006 Atqasuk","14","11","0","10","2"
"40-008 Utqiagvik","105","57","2","85","0"
"40-010 Browerville","226","171","16","229","5"
"40-012 Buckland","34","16","2","30","2"
"40-014 Deering","12","14","0","10","1"
"40-016 Kaktovik","39","11","4","19","0"
"40-018 Kiana","19","2","2","37","0"
"40-020 Kivalina","24","15","2","20","1"
"40-022 Kobuk","6","4","3","24","1"
"40-024 Kotzebue","226","126","13","206","3"
"40-026 Noatak","59","25","1","19","1"
"40-028 Noorvik","46","19","1","30","0"
"40-030 Nuiqsut","9","13","1","20","1"
"40-032 Point Hope","44","12","2","62","0"
"40-034 Point Lay","13","8","1","8","0"
"40-036 Selawik","43","9","3","21","2"
"40-038 Shungnak","23","8","0","18","1"
"40-040 Wainwright","69","18","0","39","3"
"District 1 - Absentee","1546","366","64","1032","4"
"District 1 - Early Voting","5","10","0","5","0"
"District 1  - Question","214","74","22","111","0"
"District 10 - Absentee","738","250","19","953","2"
"District 10 - Early Voting","805","207","20","523","2"
"District 10  - Question","111","28","7","70","4"
"District 11 - Absentee","994","321","25","1203","0"
"District 11 - Early Voting","936","228","9","609","2"
"District 11  - Question","110","29","1","57","1"
"District 12 - Absentee","685","246","38","990","2"
"District 12 - Early Voting","778","211","4","603","4"
"District 12  - Question","119","39","6","50","1"
"District 13 - Absentee","554","249","17","806","2"
"District 13 - Early Voting","721","202","14","454","1"
"District 13  - Question","159","56","9","76","4"
"District 14 - Absentee","488","316","27","1000","5"
"District 14 - Early Voting","601","240","34","755","5"
"District 14  - Question","173","83","20","111","5"
"District 15 - Absentee","844","267","22","989","2"
"District 15 - Early Voting","908","204","11","617","3"
"District 15  - Question","130","45","5","61","0"
"District 16 - Absentee","720","304","23","1193","3"
"District 16 - Early Voting","760","259","11","804","3"
"District 16  - Question","130","43","14","78","1"
"District 17 - Absentee","609","301","49","1273","2"
"District 17 - Early Voting","670","306","41","1081","7"
"District 17  - Question","130","81","18","113","6"
"District 18 - Absentee","741","187","54","497","1"
"District 18 - Early Voting","218","86","7","196","1"
"District 18  - Question","125","37","38","42","1"
"District 19 - Absentee","306","186","24","602","7"
"District 19 - Early Voting","285","160","10","373","2"
"District 19  - Question","135","60","15","124","4"
"District 2 - Absentee","1843","685","126","1981","17"
"District 2 - Early Voting","19","18","4","35","0"
"District 2  - Question","75","39","13","47","1"
"District 20 - Absentee","620","261","25","871","4"
"District 20 - Early Voting","562","208","12","516","2"
"District 20  - Question","138","64","17","94","3"
"District 21 - Absentee","799","327","38","1288","7"
"District 21 - Early Voting","706","223","18","589","5"
"District 21  - Question","153","71","9","115","6"
"District 22 - Absentee","468","204","20","510","6"
"District 22 - Early Voting","433","144","16","327","3"
"District 22  - Question","120","63","12","64","1"
"District 23 - Absentee","1293","316","67","1018","1"
"District 23 - Early Voting","2145","376","28","967","1"
"District 23  - Question","141","41","5","51","1"
"District 24 - Absentee","1092","216","46","668","1"
"District 24 - Early Voting","2163","315","30","750","2"
"District 24  - Question","173","43","10","52","2"
"District 25 - Absentee","826","186","45","517","5"
"District 25 - Early Voting","2142","364","42","877","1"
"District 25  - Question","218","62","14","45","2"
"District 26 - Absentee","831","144","31","358","0"
"District 26 - Early Voting","2010","247","51","389","1"
"District 26  - Question","229","59","16","52","1"
"District 27 - Absentee","788","143","32","320","1"
"District 27 - Early Voting","2003","263","38","432","4"
"District 27  - Question","271","80","17","47","2"
"District 28 - Absentee","814","176","24","354","3"
"District 28 - Early Voting","2175","281","33","554","2"
"District 28  - Question","254","60","18","52","0"
"District 29 - Absentee","1123","246","34","582","1"
"District 29 - Early Voting","2042","244","36","490","0"
"District 29  - Question","199","59","17","54","2"
"District 3 - Absentee","850","390","40","1361","4"
"District 3 - Early Voting","1355","424","38","1740","3"
"District 3  - Question","76","63","11","87","5"
"District 31 - Absentee","459","191","21","405","5"
"District 31 - Early Voting","851","353","28","721","14"
"District 31  - Question","112","63","9","73","3"
"District 32 - Absentee","521","117","30","290","1"
"District 32 - Early Voting","636","163","19","273","3"
"District 32  - Question","149","36","10","47","0"
"District 33 - Absentee","737","147","38","316","3"
"District 33 - Early Voting","1161","189","19","320","4"
"District 33  - Question","135","40","10","27","0"
"District 34 - Absentee","731","182","51","577","2"
"District 34 - Early Voting","1311","384","36","811","3"
"District 34  - Question","176","65","22","55","2"
"District 35 - Absentee","532","184","20","640","1"
"District 35 - Early Voting","1084","400","26","1156","4"
"District 35  - Question","124","66","12","81","1"
"District 38 - Absentee","167","108","9","242","3"
"District 38 - Early Voting","9","9","0","12","0"
"District 38  - Question","126","36","7","59","4"
"District 4 - Absentee","391","212","22","1007","2"
"District 4 - Early Voting","1072","574","38","2160","12"
"District 4  - Question","150","87","12","114","3"
"District 40 - Absentee","177","78","10","177","0"
"District 40 - Early Voting","20","5","2","19","0"
"District 40  - Question","106","39","9","53","0"
"District 5 - Absentee","1431","411","66","1168","8"
"District 5 - Early Voting","35","8","1","18","0"
"District 5  - Question","165","37","8","54","3"
"District 6 - Absentee","1035","276","62","980","4"
"District 6 - Early Voting","2033","491","56","1489","0"
"District 6  - Question","129","38","35","58","1"
"District 7 - Absentee","1009","163","37","463","3"
"District 7 - Early Voting","2421","354","69","795","6"
"District 7  - Question","127","58","22","19","2"
"District 8 - Absentee","1370","216","36","607","4"
"District 8 - Early Voting","2373","226","41","534","4"
"District 8  - Question","104","18","9","13","0"
"District 9 - Absentee","1295","411","42","1537","3"
"District 9 - Early Voting","1100","227","16","817","2"
"District 9  - Question","98","51","4","56","0"
"HD99 Fed Overseas Absentee","78","52","15","252","1"
"House District 30 - Judicial District 3","2788","482","107","925","5"
"House District 30 - Judicial District 4","232","75","5","220","2"
"House District 36 - Judicial District 3","393","89","6","209","0"
"House District 36 - Judicial District 4","1392","362","45","872","12"
"House District 37 - Judicial District 3","549","182","32","407","7"
"House District 37 - Judicial District 4","80","33","5","72","1"
"House District 39 - Judicial District 2","278","130","17","313","4"
"House District 39 - Judicial District 4","61","27","1","26","1"
"Total","173239","48130","5788","107968","728"
