"1","Howe","Peltola","Blank","Exhausted","Overvote"
"01-600 Ketchikan No. 1","73","318","7","162","1"
"01-610 Ketchikan No. 2","96","426","23","299","2"
"01-620 Ketchikan No. 3","62","218","11","269","1"
"01-640 North Tongass No. 1","44","136","6","227","0"
"01-650 North Tongass No. 2","94","248","12","385","1"
"01-660 Saxman","10","77","2","25","0"
"01-670 South Tongass","85","263","2","278","1"
"01-675 Coffman Cove","14","27","9","60","0"
"01-680 Metlakatla","48","293","11","104","1"
"01-690 Wrangell","109","245","15","306","2"
"02-700 Angoon","10","82","1","20","0"
"02-705 Craig","53","139","24","177","3"
"02-720 Hoonah","28","145","9","81","1"
"02-725 Hydaburg","6","77","3","12","0"
"02-730 Kake","20","118","6","37","0"
"02-735 Kasaan","4","10","1","10","0"
"02-740 Klawock","54","148","14","127","2"
"02-750 Pelican-Elfin Cove","0","21","4","15","0"
"02-755 Petersburg-Kupreanof","126","367","37","312","1"
"02-760 Port Alexander","0","7","0","3","1"
"02-765 Sitka No. 1","116","528","24","296","2"
"02-770 Sitka No. 2","116","532","25","232","0"
"02-775 Tenakee Springs","5","30","1","6","0"
"02-780 Thorne Bay","32","36","9","113","0"
"02-785 Yakutat","26","132","2","63","3"
"03-300 Auke Bay","53","301","4","126","0"
"03-305 Lynn Canal","32","268","8","123","0"
"03-310 Melvin Park","82","322","8","162","2"
"03-315 Mendenhall Glacier","115","486","5","317","1"
"03-320 Thunder Mountain","97","442","13","250","0"
"03-325 Gustavus","23","120","2","44","0"
"03-330 Haines No. 1","102","353","7","186","1"
"03-335 Haines No. 2","8","56","4","41","0"
"03-340 Klukwan","4","31","1","5","0"
"03-345 Skagway","51","280","12","69","0"
"04-100 Douglas","33","419","4","72","1"
"04-105 Juneau Airport Area","49","147","4","99","0"
"04-110 Juneau No. 1","38","313","6","76","0"
"04-115 Juneau No. 2","23","390","1","47","0"
"04-120 Juneau No. 3","17","189","3","48","1"
"04-125 Lemon Creek","76","357","9","128","1"
"04-130 Glacier Valley Area","54","224","3","104","3"
"04-135 North Douglas","30","341","6","68","0"
"05-800 Chiniak","6","21","1","26","0"
"05-810 Flats","97","211","9","244","1"
"05-815 Kodiak Island South","2","13","0","2","0"
"05-820 Kodiak No. 1","70","319","13","245","2"
"05-825 Kodiak No. 2","82","347","14","251","2"
"05-830 Mission Road","212","618","22","554","2"
"05-835 Old Harbor","2","20","1","7","0"
"05-840 Ouzinkie","7","39","1","10","0"
"05-845 Port Lions","8","23","0","36","0"
"05-860 Cordova","62","270","10","141","4"
"05-865 Seward-Lowell Point","62","253","10","155","1"
"05-870 Tatitlek","4","12","0","3","0"
"06-200 Anchor Point","164","271","20","534","2"
"06-210 Diamond Ridge","29","186","8","126","0"
"06-220 Fox River","18","79","9","152","0"
"06-230 Homer No. 1","59","293","9","194","0"
"06-240 Homer No. 2","55","258","8","227","0"
"06-250 Kachemak-Fritz Creek","72","381","9","218","0"
"06-260 Kasilof","154","311","22","600","2"
"06-270 Ninilchik","97","180","13","344","0"
"06-280 Seldovia-Kachemak Bay","13","85","10","52","1"
"07-005 Central","143","206","15","381","2"
"07-010 K Beach","159","250","16","475","1"
"07-015 Kenai No. 1","150","257","19","322","6"
"07-020 Kenai No. 2","80","136","6","226","0"
"07-025 Kenai No. 3","49","122","7","164","0"
"07-030 Soldotna","152","270","24","399","1"
"08-035 Bear Creek","89","276","8","224","0"
"08-040 Cooper Landing","10","76","0","61","0"
"08-045 Funny River No. 1","55","88","2","195","0"
"08-050 Funny River No. 2","52","59","10","153","0"
"08-055 Hope","4","46","2","17","0"
"08-060 Mackey Lake","76","149","14","300","0"
"08-065 Moose Pass","19","79","2","61","0"
"08-070 Nikiski","158","163","17","465","0"
"08-075 Salamatof","145","162","14","445","2"
"08-080 Sterling No. 1","124","167","11","405","0"
"08-085 Sterling No. 2","121","173","19","505","0"
"09-105 Girdwood","51","633","14","131","1"
"09-110 Indian","9","78","4","40","0"
"09-115 South Anchorage No. 1","135","558","7","440","0"
"09-120 South Anchorage No. 2","131","506","9","569","1"
"09-125 South Anchorage No. 3","124","478","8","424","1"
"09-130 South Anchorage No. 4","96","542","13","478","0"
"09-135 South Anchorage No. 5","44","254","2","200","0"
"09-140 Stuckagain Heights","8","98","2","51","0"
"09-145 Whittier","6","35","4","38","0"
"10-150 Dimond","116","419","22","266","1"
"10-155 Oceanview No. 1","99","539","17","388","2"
"10-160 Oceanview No. 2","77","352","25","261","3"
"10-165 Oceanview No. 3","117","467","15","358","4"
"10-170 Oceanview No. 4","80","429","8","315","2"
"10-175 Oceanview No. 5","83","330","12","250","0"
"11-205 Hillside No. 1","92","311","8","217","3"
"11-210 Hillside No. 2","148","610","8","442","3"
"11-215 Hillside No. 3","56","278","17","289","0"
"11-220 Hillside No. 4","64","289","6","325","1"
"11-225 Hillside No. 5","46","372","3","330","0"
"11-230 Hillside No. 6","72","390","5","313","1"
"11-235 Hillside No. 7","54","345","3","246","0"
"12-250 Southeast Anchorage No. 1","131","428","13","305","3"
"12-255 Southeast Anchorage No. 2","66","230","2","190","0"
"12-260 Southeast Anchorage No. 3","98","412","7","282","0"
"12-265 Southeast Anchorage No. 4","82","414","12","301","0"
"12-270 Southeast Anchorage No. 5","103","506","9","347","3"
"12-275 Southeast Anchorage No. 6","62","479","4","254","3"
"13-305 South Midtown No. 1","40","100","0","83","0"
"13-310 South Midtown No. 2","117","548","16","407","0"
"13-315 South Midtown No. 3","137","491","13","339","0"
"13-320 South Midtown No. 4","110","490","23","329","2"
"13-325 South Midtown No. 5","117","606","12","253","1"
"14-350 North Midtown No. 1","31","197","3","59","0"
"14-355 North Midtown No. 2","40","239","7","103","0"
"14-360 North Midtown No. 3","41","172","5","103","0"
"14-365 North Midtown No. 4","52","269","9","122","0"
"14-370 North Midtown No. 5","101","433","13","199","1"
"14-375 North Midtown No. 6","54","282","11","150","1"
"14-380 North Midtown No. 7","61","580","7","220","0"
"15-405 Southwest Anchorage No. 1","75","325","7","260","0"
"15-410 Southwest Anchorage No. 2","92","397","6","298","1"
"15-415 Southwest Anchorage No. 3","96","495","9","343","0"
"15-420 Southwest Anchorage No. 4","104","435","14","273","4"
"15-425 Southwest Anchorage No. 5","93","424","8","268","1"
"15-430 Southwest Anchorage No. 6","127","553","15","484","3"
"16-450 West Anchorage No. 1","34","497","7","122","0"
"16-455 West Anchorage No. 2","77","524","3","194","1"
"16-460 West Anchorage No. 3","84","652","13","304","1"
"16-465 West Anchorage No. 4","65","305","7","159","0"
"16-470 West Anchorage No. 5","102","481","5","322","0"
"16-475 West Anchorage No. 6","71","408","7","284","0"
"16-480 West Anchorage No. 7","82","342","12","182","2"
"17-505 Downtown Anchorage No. 1","22","224","5","96","0"
"17-510 Downtown Anchorage No. 2","27","359","2","105","1"
"17-515 Downtown Anchorage No. 3","14","242","1","90","0"
"17-520 Downtown Anchorage No. 4","61","420","3","148","4"
"17-525 Downtown Anchorage No. 5","47","286","12","86","2"
"17-530 Downtown Anchorage No. 6","35","202","8","68","3"
"17-535 Downtown Anchorage No. 7","41","286","11","109","0"
"18-550 Government Hill","45","251","11","109","3"
"18-555 JBER No.1","155","255","25","397","0"
"18-556 JBER No.2","51","87","11","89","0"
"18-560 North Muldoon","33","191","6","120","1"
"18-565 Ship Creek","9","54","4","19","0"
"19-605 Airport Heights No. 1","65","499","9","151","0"
"19-610 Airport Heights No. 2","71","390","14","245","3"
"19-615 Mountainview No. 1","63","245","8","84","2"
"19-620 Mountainview No. 2","57","219","8","93","3"
"19-625 South Mountainview","61","240","14","146","1"
"20-650 University No. 1","38","157","10","63","2"
"20-655 University No. 2","112","514","16","276","2"
"20-660 University No. 3","85","571","10","249","4"
"20-665 University No. 4","53","252","9","113","0"
"20-670 University No. 5","132","770","18","384","8"
"21-705 East Anchorage No. 1","53","394","9","235","3"
"21-710 East Anchorage No. 2","100","408","3","291","2"
"21-715 East Anchorage No. 3","132","577","16","390","2"
"21-720 East Anchorage No. 4","114","469","11","262","2"
"21-725 East Anchorage No. 5","145","674","8","388","2"
"22-750 Northeast Anchorage No. 1","114","458","14","238","2"
"22-755 Northeast Anchorage No. 2","101","390","13","256","6"
"22-760 Northeast Anchorage No. 3","98","495","14","283","3"
"22-765 Northeast Anchorage No. 4","82","289","11","186","6"
"23-805 Chugach Park No. 1","158","488","16","404","0"
"23-810 Eagle River No. 1","97","280","5","249","1"
"23-815 Eagle River No. 2","103","322","6","250","0"
"23-820 Hiland","107","258","9","264","0"
"23-825 Meadow Creek No. 1","115","335","5","268","0"
"23-830 Meadow Creek No. 2","58","171","7","187","0"
"24-850 Chugach Park No. 2","61","268","6","342","2"
"24-855 Chugiak","65","134","4","165","0"
"24-860 Eagle River No. 3","101","247","6","259","1"
"24-865 Eklutna","96","253","9","284","0"
"24-870 Fire Lake","107","285","7","324","2"
"24-875 Peters Creek No. 1","150","328","12","492","1"
"24-880 Peters Creek No. 2","91","187","5","243","0"
"25-305 Butte","215","346","24","621","2"
"25-310 Greater Palmer","86","186","8","262","0"
"25-315 Lazy Mountain","127","260","5","395","1"
"25-320 Palmer City No. 1","82","209","13","247","0"
"25-325 Palmer City No. 2","110","223","10","217","2"
"25-330 Springer Loop","139","217","13","380","2"
"25-335 Walby","123","189","15","342","1"
"26-350 Fairview No. 1","96","114","11","276","1"
"26-355 Fairview No. 2","62","130","10","191","1"
"26-360 Knik Goose Bay No. 1","217","280","33","646","0"
"26-365 Knik Goose Bay No. 2","144","194","16","429","0"
"26-370 Knik Goose Bay No. 3","100","130","19","261","0"
"26-375 Mat-Su Campus","100","201","10","321","1"
"26-380 Snowshoe","185","236","20","545","1"
"27-405 Foothills","137","157","10","412","0"
"27-410 Meadow Lakes No. 1","212","228","11","615","1"
"27-415 Meadow Lakes No. 2","172","187","19","513","5"
"27-420 Wasilla No. 1","132","209","16","383","2"
"27-425 Wasilla No. 2","174","250","18","501","0"
"28-450 Lakes No. 1","113","164","5","308","0"
"28-455 Lakes No. 2","58","120","5","223","0"
"28-460 Seldon No. 1","138","213","21","578","3"
"28-465 Seldon No. 2","199","305","12","433","1"
"28-470 Seward Meridian","65","127","6","205","0"
"28-475 Trunk","144","245","16","352","2"
"28-480 Wasilla Lake","83","104","1","207","0"
"29-505 Farm Loop","194","244","11","527","1"
"29-510 Fishhook","220","427","29","720","2"
"29-515 Kings Lake","166","237","15","466","1"
"29-520 Lakes No. 3","59","95","6","193","0"
"29-525 Sheep Mountain","18","26","2","104","0"
"29-530 Sutton","82","155","11","255","1"
"29-535 Valdez No. 1","65","195","9","206","0"
"29-540 Valdez No. 2","23","103","4","93","1"
"29-545 Valdez No. 3","57","155","6","161","0"
"30-550 Anderson/Clear","22","33","4","78","0"
"30-555 Big Lake","222","275","30","663","4"
"30-560 Cantwell","8","52","1","25","0"
"30-565 Denali Park","6","62","0","4","0"
"30-570 East Schrock","25","21","0","44","0"
"30-575 Healy","71","139","6","158","0"
"30-580 Houston","105","126","15","278","1"
"30-585 Knik Goose Bay No. 4","204","279","23","609","0"
"30-590 Trapper Creek","14","33","6","66","0"
"30-595 Susitna","86","142","10","259","0"
"30-600 Talkeetna","31","163","2","64","0"
"30-605 Willow","180","256","28","525","7"
"31-446 Aurora","116","449","10","317","0"
"31-455 Fairbanks No. 1","119","523","13","284","2"
"31-480 Fairbanks No. 2","142","467","6","299","0"
"31-485 Fairbanks No. 3","134","467","22","247","4"
"32-355 Fairbanks No. 4","114","382","9","298","1"
"32-365 Fairbanks No. 5","84","302","8","195","0"
"32-375 Fort Wainwright","92","130","14","140","1"
"32-385 Badger No. 2","237","385","19","537","2"
"33-130 Badger No. 1","250","342","16","571","4"
"33-135 Chena Lakes","254","278","11","635","1"
"33-155 Moose Creek","28","38","2","80","0"
"33-165 Newby","255","310","15","668","1"
"33-175 North Pole","161","189","13","375","0"
"33-183 Plack","277","236","22","603","0"
"34-235 Eielson","86","108","12","126","0"
"34-238 Eielson Farm Road","8","12","0","38","0"
"34-240 Farmers Loop","105","533","12","261","0"
"34-260 Salcha","98","121","11","305","1"
"34-263 Steele Creek","178","421","8","438","4"
"34-265 Steese","172","440","22","392","1"
"34-270 Summit","166","373","15","324","2"
"34-280 Two Rivers","92","181","13","217","0"
"35-580 Airport","48","144","6","136","1"
"35-582 Chena","186","736","19","489","2"
"35-584 Ester","61","348","6","152","0"
"35-586 Geist","74","304","5","197","0"
"35-587 Lakeview","27","40","2","54","0"
"35-592 Shanly","61","254","7","109","1"
"35-595 University Hills","71","394","7","148","0"
"35-596 University West","173","718","6","393","1"
"36-001 Goldstream No. 1","99","351","8","192","1"
"36-002 Goldstream No. 2","93","510","10","164","1"
"36-010 Allakaket","1","39","0","0","0"
"36-014 Anvik","1","22","0","2","0"
"36-018 Arctic Village","0","49","0","4","0"
"36-022 Beaver","0","14","0","2","1"
"36-026 Bettles","1","6","0","4","0"
"36-034 Central","6","8","1","26","0"
"36-038 Chistochina","10","23","2","36","0"
"36-042 Circle","2","15","1","2","0"
"36-046 Copper Center","62","129","3","159","1"
"36-050 Delta Junction","82","60","10","204","2"
"36-054 Deltana","239","191","19","749","0"
"36-058 Dot Lake","6","4","2","37","0"
"36-062 Eagle","5","24","2","38","0"
"36-066 Fort Yukon","2","119","3","15","1"
"36-070 Gakona","11","36","5","58","0"
"36-074 Galena","16","98","3","29","0"
"36-078 Glennallen","54","43","5","77","0"
"36-082 Grayling","11","37","0","6","1"
"36-086 Holy Cross","2","35","0","4","0"
"36-090 Hughes","3","21","1","5","0"
"36-094 Huslia","5","71","6","12","1"
"36-098 Kaltag","2","30","2","6","0"
"36-102 Kenny Lake","38","57","3","87","0"
"36-106 Koyukuk","2","23","1","3","0"
"36-110 Manley","3","12","1","31","0"
"36-114 McGrath","15","30","5","44","0"
"36-118 Mentasta","4","27","0","8","0"
"36-122 Minto","5","32","2","12","0"
"36-126 Nenana","55","129","2","127","1"
"36-130 Nikolai","3","17","3","4","0"
"36-134 Northway","9","38","1","23","0"
"36-138 Nulato","1","63","3","10","0"
"36-142 Ruby","0","22","0","8","0"
"36-146 Shageluk","1","21","1","0","0"
"36-162 Tanana","1","69","1","7","1"
"36-166 Tetlin","4","16","0","10","0"
"36-170 Tok","82","140","16","284","0"
"36-174 Venetie","0","38","1","6","0"
"37-700 Akutan","7","25","2","15","0"
"37-702 Aleknagik","10","32","2","22","3"
"37-704 Aleutians No. 1","1","10","0","8","0"
"37-706 Aleutians No. 2","42","270","14","206","2"
"37-707 Aniak","11","66","5","24","1"
"37-708 Chignik","2","10","1","3","0"
"37-709 Chuathbaluk","3","12","0","4","0"
"37-710 Clark's Point","2","13","0","4","0"
"37-712 Cold Bay","3","8","0","9","0"
"37-713 Crooked Creek","1","16","0","2","0"
"37-714 Dillingham","55","342","5","146","2"
"37-716 Egegik","1","2","2","6","0"
"37-718 Ekwok","4","14","1","14","1"
"37-719 Goodnews Bay","12","38","0","8","0"
"37-720 King Cove","7","30","4","70","0"
"37-722 King Salmon","19","51","7","50","1"
"37-724 Koliganek","1","38","1","32","0"
"37-726 Lake Iliamna No. 1","11","48","2","42","0"
"37-728 Lake Iliamna No. 2","16","50","2","7","3"
"37-730 Levelock","1","21","0","2","0"
"37-731 Lower Kalskag","8","44","1","8","0"
"37-732 Manokotak","15","66","3","18","2"
"37-734 Naknek","17","68","3","54","0"
"37-736 New Stuyahok","1","45","1","6","0"
"37-738 Nondalton","4","31","2","6","1"
"37-740 Pedro Bay","0","6","0","8","0"
"37-742 Port Heiden","1","14","0","9","0"
"37-744 Sand Point","14","28","4","77","0"
"37-746 Sleetmute","3","19","0","2","0"
"37-748 South Naknek","2","11","2","3","0"
"37-750 St. George Island","0","6","0","1","0"
"37-752 St. Paul Island","7","80","3","16","1"
"37-754 Togiak","23","84","4","29","9"
"37-756 Tyonek","1","29","0","7","0"
"37-758 Upper Kalskag","4","39","1","10","3"
"38-800 Akiachak","25","104","0","31","1"
"38-802 Akiak","16","52","0","22","0"
"38-806 Atmautluak","2","35","1","7","0"
"38-808 Bethel No. 1","66","383","12","119","1"
"38-810 Bethel No. 2","66","390","4","113","2"
"38-812 Chefornak","5","77","1","12","1"
"38-818 Eek","9","62","1","23","0"
"38-822 Kasigluk","9","49","0","6","1"
"38-824 Kipnuk","22","73","1","14","3"
"38-826 Kongiganak","16","68","2","5","3"
"38-828 Kwethluk","13","109","0","11","0"
"38-830 Kwigillingok","20","42","3","14","2"
"38-836 Mekoryuk","3","51","1","14","0"
"38-838 Napakiak","10","50","0","11","0"
"38-840 Napaskiak","6","56","1","4","1"
"38-842 Newtok","12","38","1","2","3"
"38-844 Nightmute","6","21","2","5","0"
"38-846 Nunapitchuk","13","63","0","22","0"
"38-848 Quinhagak","19","92","0","21","2"
"38-852 Toksook Bay","22","131","6","15","6"
"38-854 Tuluksak","0","3","0","0","0"
"38-856 Tuntutuliak","11","96","0","9","1"
"38-858 Tununak","10","65","0","5","1"
"39-900 Alakanuk","17","51","2","16","1"
"39-902 Brevig Mission","12","74","2","14","0"
"39-906 Diomede","3","6","0","1","0"
"39-908 Elim","27","65","2","9","0"
"39-910 Emmonak","17","106","3","18","4"
"39-912 Gambell","29","81","11","23","2"
"39-914 Golovin","7","35","1","6","0"
"39-916 Hooper Bay","18","119","3","24","3"
"39-918 Kotlik","13","71","1","24","0"
"39-920 Koyuk","13","63","1","21","2"
"39-921 Marshall","25","43","2","16","0"
"39-922 Mountain Village","25","91","0","15","1"
"39-924 Nome No. 1","30","205","7","61","0"
"39-926 Nome No. 2","71","392","7","108","2"
"39-928 Nunam Iqua","7","24","1","5","0"
"39-930 Pilot Station","15","70","1","7","1"
"39-931 Russian Mission","7","32","1","19","0"
"39-932 Savoonga","34","109","4","10","2"
"39-934 Scammon Bay","10","91","1","2","4"
"39-936 Shaktoolik","5","39","1","12","0"
"39-938 Shishmaref","21","139","3","11","1"
"39-940 St. Mary's","6","97","0","14","0"
"39-942 St. Michael","11","33","4","17","0"
"39-944 Stebbins","13","55","0","5","0"
"39-946 Teller","2","27","0","7","0"
"39-948 Unalakleet","15","160","4","41","1"
"39-950 Wales","1","7","0","0","0"
"39-952 White Mountain","9","53","0","7","0"
"40-002 Ambler","6","26","1","10","1"
"40-004 Anaktuvuk Pass","8","35","2","13","0"
"40-006 Atqasuk","9","17","0","9","2"
"40-008 Utqiagvik","25","150","2","72","0"
"40-010 Browerville","85","427","16","114","5"
"40-012 Buckland","11","62","2","8","1"
"40-014 Deering","7","27","0","2","1"
"40-016 Kaktovik","10","25","4","34","0"
"40-018 Kiana","2","36","2","20","0"
"40-020 Kivalina","12","31","2","16","1"
"40-022 Kobuk","3","26","3","5","1"
"40-024 Kotzebue","78","397","13","85","1"
"40-026 Noatak","26","52","1","25","1"
"40-028 Noorvik","19","46","1","30","0"
"40-030 Nuiqsut","9","24","1","9","1"
"40-032 Point Hope","13","57","2","48","0"
"40-034 Point Lay","4","17","1","8","0"
"40-036 Selawik","7","43","3","24","1"
"40-038 Shungnak","3","37","0","10","0"
"40-040 Wainwright","22","62","0","42","3"
"District 1 - Absentee","262","1428","64","1254","4"
"District 1 - Early Voting","7","11","0","2","0"
"District 1  - Question","73","167","22","159","0"
"District 10 - Absentee","132","1261","19","548","2"
"District 10 - Early Voting","138","764","20","633","2"
"District 10  - Question","31","100","7","78","4"
"District 11 - Absentee","170","1610","25","737","1"
"District 11 - Early Voting","148","893","9","732","2"
"District 11  - Question","39","88","1","69","1"
"District 12 - Absentee","129","1327","38","466","1"
"District 12 - Early Voting","113","892","4","589","2"
"District 12  - Question","35","105","6","67","2"
"District 13 - Absentee","99","1101","17","409","2"
"District 13 - Early Voting","143","710","14","524","1"
"District 13  - Question","55","136","9","100","4"
"District 14 - Absentee","97","1379","27","328","5"
"District 14 - Early Voting","108","1046","34","441","6"
"District 14  - Question","63","201","20","104","4"
"District 15 - Absentee","128","1373","22","600","1"
"District 15 - Early Voting","127","876","11","727","2"
"District 15  - Question","42","116","5","78","0"
"District 16 - Absentee","119","1602","23","497","2"
"District 16 - Early Voting","142","1147","11","535","2"
"District 16  - Question","39","134","14","78","1"
"District 17 - Absentee","112","1644","49","425","4"
"District 17 - Early Voting","148","1452","41","457","7"
"District 17  - Question","51","194","18","79","6"
"District 18 - Absentee","173","707","54","545","1"
"District 18 - Early Voting","62","270","7","168","1"
"District 18  - Question","46","73","38","85","1"
"District 19 - Absentee","78","833","24","184","6"
"District 19 - Early Voting","78","531","10","209","2"
"District 19  - Question","56","181","15","81","5"
"District 2 - Absentee","400","2676","126","1434","16"
"District 2 - Early Voting","12","46","4","14","0"
"District 2  - Question","36","74","13","50","2"
"District 20 - Absentee","105","1213","25","434","4"
"District 20 - Early Voting","111","771","12","405","1"
"District 20  - Question","61","159","17","76","3"
"District 21 - Absentee","171","1667","38","577","6"
"District 21 - Early Voting","120","860","18","538","5"
"District 21  - Question","63","188","9","87","7"
"District 22 - Absentee","123","735","20","323","7"
"District 22 - Early Voting","89","485","16","330","3"
"District 22  - Question","54","123","12","69","2"
"District 23 - Absentee","301","1403","67","923","1"
"District 23 - Early Voting","388","1386","28","1715","0"
"District 23  - Question","56","86","5","91","1"
"District 24 - Absentee","242","943","46","790","2"
"District 24 - Early Voting","365","1133","30","1731","1"
"District 24  - Question","54","106","10","108","2"
"District 25 - Absentee","174","710","45","646","4"
"District 25 - Early Voting","361","1274","42","1747","2"
"District 25  - Question","75","99","14","151","2"
"District 26 - Absentee","176","498","31","659","0"
"District 26 - Early Voting","374","604","51","1668","1"
"District 26  - Question","79","93","16","168","1"
"District 27 - Absentee","181","451","32","619","1"
"District 27 - Early Voting","422","675","38","1600","5"
"District 27  - Question","114","88","17","196","2"
"District 28 - Absentee","201","534","24","611","1"
"District 28 - Early Voting","415","854","33","1742","1"
"District 28  - Question","86","95","18","185","0"
"District 29 - Absentee","248","836","34","867","1"
"District 29 - Early Voting","370","732","36","1674","0"
"District 29  - Question","81","100","17","131","2"
"District 3 - Absentee","202","1799","40","601","3"
"District 3 - Early Voting","260","2244","38","1014","4"
"District 3  - Question","42","134","11","51","4"
"District 31 - Absentee","128","602","21","325","5"
"District 31 - Early Voting","245","1079","28","603","12"
"District 31  - Question","50","120","9","78","3"
"District 32 - Absentee","130","416","30","382","1"
"District 32 - Early Voting","161","464","19","447","3"
"District 32  - Question","55","97","10","80","0"
"District 33 - Absentee","176","467","38","558","2"
"District 33 - Early Voting","262","518","19","888","6"
"District 33  - Question","49","57","10","96","0"
"District 34 - Absentee","161","794","51","535","2"
"District 34 - Early Voting","336","1207","36","964","2"
"District 34  - Question","93","96","22","107","2"
"District 35 - Absentee","128","855","20","373","1"
"District 35 - Early Voting","251","1621","26","766","6"
"District 35  - Question","58","133","12","80","1"
"District 38 - Absentee","43","386","9","89","2"
"District 38 - Early Voting","2","25","0","3","0"
"District 38  - Question","42","120","7","60","3"
"District 4 - Absentee","67","1293","22","251","1"
"District 4 - Early Voting","204","2853","38","752","9"
"District 4  - Question","48","223","12","81","2"
"District 40 - Absentee","50","268","10","114","0"
"District 40 - Early Voting","6","25","2","13","0"
"District 40  - Question","33","105","9","60","0"
"District 5 - Absentee","328","1635","66","1045","10"
"District 5 - Early Voting","7","28","1","26","0"
"District 5  - Question","67","88","8","102","2"
"District 6 - Absentee","177","1279","62","836","3"
"District 6 - Early Voting","326","1965","56","1722","0"
"District 6  - Question","36","90","35","99","1"
"District 7 - Absentee","210","621","37","802","5"
"District 7 - Early Voting","474","1123","69","1975","4"
"District 7  - Question","55","54","22","97","0"
"District 8 - Absentee","239","873","36","1082","3"
"District 8 - Early Voting","398","785","41","1949","5"
"District 8  - Question","34","24","9","77","0"
"District 9 - Absentee","212","2101","42","931","2"
"District 9 - Early Voting","173","1108","16","863","2"
"District 9  - Question","40","108","4","57","0"
"HD99 Fed Overseas Absentee","21","314","15","47","1"
"House District 30 - Judicial District 3","611","1322","107","2261","6"
"House District 30 - Judicial District 4","50","295","5","182","2"
"House District 36 - Judicial District 3","81","304","6","306","0"
"House District 36 - Judicial District 4","327","1291","45","1010","10"
"House District 37 - Judicial District 3","137","613","32","391","4"
"House District 37 - Judicial District 4","18","115","5","53","0"
"House District 39 - Judicial District 2","97","471","17","153","4"
"House District 39 - Judicial District 4","17","67","1","30","1"
"Total","41113","161153","5788","127121","678"
